ASV_ID	10m_0_mV	10m_200_mV	10m_400_mV	10m_600_mV	10m_800_mV	10m_Cont	20_5m_0_mV	20_5m_200_mV	20_5m_400_mV	20_5m_600_mV	20_5m_800_mV	20_5m_Cont	35m_0_mV	35m_200_mV	35m_400_mV	35m_600_mV	35m_Cont
ASV1	66	99	32	64	34	25	72203	127654	159584	92823	72269	115132	202924	23469	147028	7471	135162
ASV2	0	0	0	0	0	0	46749	36924	53691	38346	38831	69707	171585	132630	250205	6513	18749
ASV3	66511	63841	47285	57228	41759	34774	31061	1619	1101	4657	2334	329	0	0	0	0	1700
ASV4	0	0	0	0	0	0	40556	37426	38838	45929	33071	50547	3543	10089	14496	583	4773
ASV5	0	0	0	0	0	0	30049	28073	50881	36177	41775	34733	8394	26975	18816	1608	2810
ASV6	0	0	0	0	0	0	8825	38839	38990	24735	74354	23349	0	1911	7457	335	10011
ASV7	13850	11877	19616	59194	40918	15610	39	77	112	128	0	0	0	0	0	0	0
ASV8	0	0	0	0	0	0	15247	17294	22378	21564	14549	39511	2154	15915	20588	98	3066
ASV9	41056	30640	27019	6629	7516	7220	101	0	0	14	0	0	0	0	0	0	0
ASV10	9131	7703	5261	8205	6579	2144	5487	15899	10235	16932	10448	15185	0	4722	2647	361	15028
ASV11	0	0	0	0	0	0	17	0	112	0	12	0	36221	10910	41907	7959	5264
ASV12	0	0	0	0	0	0	13139	25652	20652	11279	24528	23002	0	62	755	0	2108
ASV13	12473	10321	8640	29624	18531	10381	261	130	453	422	493	0	0	0	0	0	377
ASV14	25084	21377	13225	5550	1832	10437	2348	1130	1793	1245	1685	3048	0	0	0	0	506
ASV15	4758	10524	21593	25304	24986	785	28	0	0	0	0	0	0	0	0	0	187
ASV16	5645	4786	12506	11572	34942	13568	268	0	0	92	0	0	0	0	0	0	219
ASV17	6066	3308	792	237	138	63429	129	46	59	0	0	0	0	0	0	0	0
ASV18	0	0	0	0	0	0	198	82	313	69	105	81	35379	23643	23035	1711	4864
ASV19	0	0	0	0	0	0	3703	15777	13959	9343	27802	8269	0	0	1652	52	3839
ASV20	0	0	0	0	0	0	6168	10672	16088	17124	5923	15821	0	1583	688	0	0
ASV21	0	0	0	0	0	0	6609	9074	20701	13743	10871	12141	0	0	0	0	0
ASV22	6634	7898	8711	5397	8939	3771	597	2002	2048	2419	1168	2104	1213	0	73	53	2044
ASV23	0	0	0	0	0	0	9985	19632	7915	7341	3820	13959	0	0	0	0	1636
ASV24	5326	4852	3873	7626	9478	501	1117	1673	1920	3354	2672	4905	0	4051	3636	346	1301
ASV25	0	0	0	0	0	0	3360	7828	13110	8692	25523	6156	0	0	0	0	1422
ASV26	0	0	0	0	0	0	3634	5866	6195	7214	9565	5175	12557	3508	5823	524	3623
ASV27	0	0	0	0	0	0	4704	9768	9020	4063	8767	8785	8023	9123	1308	16	979
ASV28	0	0	0	0	0	0	3613	3647	15128	9268	7740	8395	2632	4624	2694	0	3697
ASV29	0	0	0	0	0	0	12565	5287	7164	352	0	31810	0	0	0	0	180
ASV30	0	0	0	0	0	0	54	39	183	71	0	439	21441	12109	12249	2174	2113
ASV31	4155	3721	5361	12819	10302	2055	1403	655	669	2049	449	2070	0	0	0	0	903
ASV32	0	0	0	0	0	0	5539	4867	11325	5475	6678	7204	3521	7814	5856	58	1010
ASV33	0	0	0	0	0	0	282	469	1121	356	299	345	12341	15487	12921	1283	3695
ASV34	0	0	0	0	0	0	2933	5838	7388	3840	3043	3773	17512	0	3722	0	6543
ASV35	1230	749	341	618	332	249	1150	1485	2034	1506	918	5116	0	11629	4972	2156	1895
ASV36	160	71	110	135	51	106	36736	0	0	0	0	0	0	0	0	0	0
ASV37	0	0	0	0	0	0	1840	4577	8972	10215	11159	5957	6077	0	465	28	576
ASV38	28	12	0	0	0	0	0	1027	5943	16827	22012	207	0	0	1009	0	0
ASV39	1587	1041	2631	14851	11610	423	383	0	309	454	349	811	0	0	504	0	841
ASV40	0	0	0	0	0	0	126	74	0	0	51	147	30513	1272	5064	1551	1856
ASV41	0	0	0	0	0	0	801	2173	8952	14176	14601	3896	0	0	0	0	0
ASV42	0	0	0	0	0	0	3743	5878	11268	7024	7876	5854	0	0	1240	0	285
ASV43	1901	3095	6149	5228	7275	864	312	177	215	166	237	0	0	3324	122	0	1585
ASV44	0	0	0	0	0	0	3811	12069	4726	5600	1328	10211	0	0	0	0	0
ASV45	0	0	0	0	0	0	999	636	825	846	483	673	3356	0	6755	1450	8869
ASV46	5638	4032	3832	3734	5716	2754	1108	240	158	213	131	286	0	0	0	0	0
ASV47	4623	3713	4877	5826	5168	1925	242	191	102	61	112	0	0	0	0	0	398
ASV48	3574	2834	2219	5092	5879	756	593	908	1370	1075	1619	1220	0	0	1686	36	171
ASV49	1319	988	434	348	354	161	262	638	1214	1866	895	864	3977	12792	4529	401	1618
ASV50	0	0	0	0	0	0	3139	4835	5372	4796	5984	3835	0	0	2321	171	755
ASV51	1366	1225	571	1412	1310	110	1262	1651	3030	2017	1685	3023	0	2278	1395	239	4214
ASV52	6000	3118	2133	3255	2408	6050	217	37	0	177	52	0	0	0	0	0	0
ASV53	11	0	6	4	0	0	402	429	1008	1927	1197	1009	628	0	11760	1299	3574
ASV54	1283	2633	6291	4044	6708	1155	29	197	0	0	17	0	0	0	1282	0	163
ASV55	0	0	0	0	0	0	1119	3981	5441	3571	9942	4280	0	0	1865	29	775
ASV56	280	161	153	171	194	46	2575	3127	3909	6438	2117	3330	0	0	497	602	970
ASV57	1491	1268	786	480	239	402	629	1202	1725	1667	720	3190	11672	0	1130	0	3278
ASV58	3540	3766	5650	2798	3737	1158	996	0	57	216	106	0	0	0	0	0	0
ASV59	1441	889	529	839	621	288	1007	1258	2445	3107	1179	1027	0	5068	5903	77	2110
ASV60	4481	4674	3334	1903	4573	1460	1455	190	0	0	0	0	0	0	0	0	0
ASV61	4127	4266	4765	3160	2988	1136	803	84	0	161	180	0	0	0	0	0	0
ASV62	0	0	0	0	0	0	2145	1745	3964	3569	4895	437	0	0	1120	1182	788
ASV63	2150	1956	714	1043	314	498	847	1479	2408	1351	1034	2084	0	2806	0	533	2513
ASV64	76	171	320	754	917	48	865	885	2517	1995	1978	0	0	14525	0	0	2069
ASV65	0	0	0	0	0	0	5337	2339	3951	3554	2142	3330	2109	0	2113	0	1993
ASV66	0	0	0	0	0	0	144	342	74	374	178	0	0	10796	5474	883	2757
ASV67	0	0	0	0	0	0	1221	2260	3945	2790	3888	3312	0	7053	456	0	1441
ASV68	1622	1970	2834	4837	8354	249	381	0	0	0	0	0	0	0	0	0	0
ASV69	0	0	0	0	0	5	203	230	293	364	297	0	1100	18502	2504	318	825
ASV70	0	0	0	0	0	0	1377	1454	6861	3017	2701	3631	5680	0	244	70	1372
ASV71	3939	3072	2529	1014	624	6696	172	14	311	0	49	0	0	0	0	0	0
ASV72	0	0	0	0	0	0	2301	2625	6433	2366	2772	1800	0	2144	808	284	1001
ASV73	0	0	0	0	0	0	1999	1823	5401	5244	3129	7387	0	0	0	0	0
ASV74	0	0	0	0	0	0	1570	2564	6938	4972	4794	3918	0	0	0	0	0
ASV75	3065	2476	2985	3030	4011	1480	139	139	352	39	250	0	0	0	0	0	0
ASV76	3180	3453	2350	2498	4481	1449	221	0	0	65	14	0	0	0	0	0	0
ASV77	0	0	0	0	0	0	71	0	0	60	0	0	4293	12692	2465	327	1983
ASV78	1601	1877	1552	2571	1963	932	664	265	769	626	343	1388	0	0	0	0	3662
ASV79	3581	2698	915	5057	4229	921	0	0	0	0	71	0	0	0	0	0	0
ASV80	2002	2683	2267	1627	2198	2098	326	207	722	1178	920	0	0	0	0	0	1075
ASV81	30	0	0	0	23	0	580	757	980	519	586	411	0	2431	621	1597	1794
ASV82	0	0	0	0	0	0	975	2192	3228	2667	2817	3677	0	909	4383	270	138
ASV83	2771	2296	3461	1118	2228	3026	296	284	196	386	43	0	0	0	0	0	0
ASV84	866	1239	3805	3246	5854	39	15	108	245	388	0	808	0	0	0	0	0
ASV85	1079	900	3116	4048	1477	4432	0	0	0	0	0	0	0	0	0	0	0
ASV86	0	0	0	0	0	0	80	327	840	447	385	280	13390	6880	346	0	575
ASV87	0	0	0	0	0	0	362	397	394	166	216	755	2499	7245	3076	753	352
ASV88	566	773	3791	3199	6553	361	0	54	0	64	26	0	0	0	0	0	0
ASV89	2449	2422	3432	2717	4023	104	0	0	0	0	0	0	0	0	0	0	0
ASV90	4510	4536	1089	196	57	260	455	557	1747	609	759	746	0	0	0	0	556
ASV91	5094	2472	985	2238	855	3011	0	114	0	0	58	0	0	0	0	0	0
ASV92	1158	934	1139	1909	3636	156	462	478	937	832	519	2963	0	0	0	0	1080
ASV93	0	0	0	0	0	0	68	4158	8011	3894	2182	1422	0	0	0	0	0
ASV94	0	0	0	0	0	0	242	3364	4785	3801	1250	1183	623	2244	333	0	1206
ASV95	0	0	0	0	0	0	78	0	45	205	83	694	8177	3214	6558	0	1688
ASV96	0	0	0	0	0	0	510	893	2119	7087	5911	659	0	0	907	0	128
ASV97	0	0	0	0	0	0	313	193	374	240	250	516	3135	330	2940	754	3501
ASV98	0	0	0	0	0	0	0	148	125	76	371	0	8130	5556	2679	152	1481
ASV99	1754	727	1884	2496	1641	4330	0	0	0	0	0	0	0	0	0	0	0
ASV100	0	0	0	0	0	0	0	0	43	0	0	0	0	9641	492	825	198
ASV101	677	1208	2541	2967	4676	328	180	50	0	0	0	0	0	0	0	0	0
ASV102	1916	1269	2244	2216	3158	637	265	226	116	140	228	129	0	0	0	0	0
ASV103	0	0	0	0	0	0	9	21	0	35	29	0	865	6598	3071	118	3897
ASV104	77	14	230	4227	8157	11	0	0	0	0	0	187	0	0	0	0	0
ASV105	4114	2520	1053	374	728	683	167	460	473	611	368	920	0	0	0	0	255
ASV106	1407	1081	865	470	263	6748	82	195	0	122	15	0	0	0	0	0	0
ASV107	1283	1326	1435	3003	4040	774	123	0	0	68	0	0	0	0	0	0	0
ASV108	0	0	0	0	0	0	1654	1017	2274	1870	1920	2242	0	0	3642	73	641
ASV109	879	1643	2359	2252	3975	560	130	0	0	0	30	0	0	0	0	0	0
ASV110	1566	1267	956	443	328	6461	0	0	71	0	0	0	0	0	0	0	0
ASV111	2466	2178	1682	845	924	1785	344	318	554	0	42	0	0	0	0	0	0
ASV112	0	0	0	0	0	0	371	143	740	187	520	0	0	0	0	1260	1612
ASV113	4007	4379	1159	171	33	904	8	0	0	0	0	0	0	0	0	0	0
ASV114	234	122	39	0	0	9277	0	0	0	0	0	0	0	0	0	0	0
ASV115	580	372	2211	4330	813	1863	60	0	52	0	0	0	0	0	0	0	0
ASV116	11	0	0	0	0	0	651	1015	1544	1895	1496	2105	0	0	1405	296	1112
ASV117	895	966	1049	2898	4374	503	23	0	0	0	13	0	0	0	0	0	0
ASV118	0	0	0	0	0	0	269	930	1657	1117	762	264	0	0	4347	0	3782
ASV119	0	0	0	0	0	0	17	470	451	60	98	3753	0	0	0	0	6458
ASV120	0	0	0	0	0	0	0	0	0	0	0	0	2583	3325	966	921	90
ASV121	21	0	0	0	16	0	487	758	1950	1864	1461	1555	2314	0	2693	0	622
ASV122	484	599	880	170	48	175	257	278	908	1372	163	1037	0	5004	274	0	310
ASV123	467	307	152	417	245	45	238	322	907	669	316	0	0	0	1335	488	2156
ASV124	521	397	358	624	425	145	131	94	253	129	151	144	3435	1586	434	132	1707
ASV125	838	766	1340	630	2355	718	138	151	280	731	419	726	0	0	0	0	656
ASV126	0	0	0	0	0	0	8	0	188	0	0	0	3245	8915	0	59	80
ASV127	0	0	0	0	0	0	382	153	334	64	560	0	380	4570	5568	0	823
ASV128	0	0	0	0	0	0	1189	944	1427	2879	2022	229	0	0	1529	0	1155
ASV129	0	0	0	0	0	0	0	0	0	0	0	5342	0	0	0	843	0
ASV130	1457	1691	1401	815	1546	1190	160	374	0	0	227	0	0	0	0	0	0
ASV131	2382	2364	2821	21	194	479	0	24	0	75	44	129	0	0	0	0	0
ASV132	2917	1065	3638	155	366	224	12	0	0	121	0	0	0	0	0	0	0
ASV133	0	0	0	0	0	0	568	2807	2908	1813	1878	575	0	0	0	0	705
ASV134	78	112	0	48	0	42	258	541	515	970	464	1913	6873	0	306	0	665
ASV135	0	12	0	0	0	0	274	733	334	236	315	468	4074	2700	1436	0	1338
ASV136	0	0	0	0	0	0	1093	1902	2536	162	347	5191	0	0	0	0	0
ASV137	165	150	495	597	276	6038	0	0	0	0	0	0	0	0	0	0	0
ASV138	0	0	0	0	0	0	912	1646	3503	1922	1317	1805	0	0	0	0	0
ASV139	0	0	0	0	0	0	10	0	0	0	0	0	0	5923	1519	155	1991
ASV140	0	0	0	0	0	0	999	936	1921	1388	869	1736	0	536	564	170	505
ASV141	0	0	0	0	0	0	56	13	91	0	19	0	0	4628	211	47	4133
ASV142	1160	1090	757	439	325	3850	145	0	0	0	23	0	0	0	0	0	0
ASV143	1266	1143	1894	2622	1011	140	37	0	0	0	0	0	0	0	0	0	0
ASV144	0	0	0	0	0	0	379	779	1556	3560	3311	582	0	292	0	0	242
ASV145	692	383	189	333	337	63	1028	429	2307	1068	730	1553	0	0	0	39	532
ASV146	0	0	0	0	0	0	408	153	545	1760	1396	78	0	384	1092	276	1915
ASV147	1777	1430	1931	1303	871	514	0	0	0	0	0	0	0	0	0	0	0
ASV148	0	0	0	0	0	0	0	260	1465	2963	5897	0	0	0	0	0	0
ASV149	0	0	0	0	0	0	72	198	133	47	0	0	0	0	415	1192	0
ASV150	997	938	975	1670	2436	918	0	0	0	0	0	0	0	0	0	0	0
ASV151	708	511	1199	2285	3058	103	0	0	0	52	0	0	0	0	0	0	0
ASV152	29	44	17	98	79	17	913	1022	1656	1758	907	2184	0	0	550	0	570
ASV153	0	0	0	0	0	0	43	0	75	0	69	0	0	1654	3076	545	995
ASV154	0	0	0	0	0	0	520	514	358	202	495	1079	0	3600	1889	0	1231
ASV155	886	673	796	1200	948	119	161	571	634	1067	568	530	0	0	0	0	250
ASV156	0	0	0	0	0	0	77	171	0	169	72	0	8310	0	1003	133	780
ASV157	1159	866	1682	497	887	1505	449	100	0	55	23	0	0	0	0	0	0
ASV158	0	0	0	0	0	0	0	0	0	0	0	0	0	0	0	1220	0
ASV159	0	0	0	0	0	0	928	955	2349	1001	1556	0	0	2516	57	0	239
ASV160	29	0	0	0	0	0	339	1935	1573	2639	421	1600	0	0	314	0	581
ASV161	0	0	0	0	0	0	47	0	0	88	78	39	0	438	1052	953	296
ASV162	0	0	0	0	0	0	46	23	28	67	73	402	0	5109	1755	278	183
ASV163	290	69	66	68	68	0	105	231	653	439	145	3028	4411	0	1171	0	0
ASV164	534	714	1632	1516	2395	276	53	8	21	0	0	0	0	0	0	0	0
ASV165	1443	1281	3606	87	10	206	0	0	0	0	0	0	0	0	0	0	0
ASV166	117	171	309	203	937	33	180	160	446	431	184	321	0	3148	0	90	1155
ASV167	0	0	0	0	0	0	790	526	1834	1532	2102	1336	0	0	681	83	0
ASV168	0	0	0	0	0	0	0	0	0	0	0	0	0	5374	0	0	2961
ASV169	0	0	0	0	0	0	51	10	0	176	50	0	0	2938	2565	435	421
ASV170	319	74	2362	1472	1157	1289	0	0	0	0	0	0	0	0	0	0	0
ASV171	0	0	0	0	0	0	0	0	117	0	0	0	3900	4158	181	168	371
ASV172	928	1651	679	419	428	605	498	77	349	0	263	452	0	0	0	0	693
ASV173	0	0	0	0	0	0	46	0	0	142	89	256	0	8749	0	0	0
ASV174	385	389	1394	1859	2395	168	211	51	0	0	0	0	0	0	0	0	0
ASV175	0	0	0	0	0	0	400	695	2190	1486	884	1703	0	1144	310	0	83
ASV176	2251	1824	1144	286	358	502	51	0	0	0	0	0	0	0	0	0	0
ASV177	0	0	0	0	0	0	12	0	0	0	0	0	5183	56	0	555	0
ASV178	0	0	0	0	0	0	41	0	0	0	0	0	6709	0	1845	199	158
ASV179	49	29	21	75	57	8	45	54	0	537	114	235	9273	0	0	0	0
ASV180	1411	1201	1150	854	871	555	49	113	188	0	25	0	0	0	0	0	0
ASV181	0	0	0	0	0	0	22	275	1874	4574	1933	0	0	0	0	0	0
ASV182	0	0	0	0	0	0	0	0	0	0	0	0	10532	0	0	0	0
ASV183	0	0	0	0	0	0	115	1362	3246	1791	1452	488	0	0	0	0	0
ASV184	1966	1473	486	270	1090	857	0	0	0	0	0	0	0	0	0	0	0
ASV185	56	42	0	0	0	0	0	106	112	118	71	143	0	0	224	898	0
ASV186	498	401	282	585	425	104	19	44	138	0	157	666	0	0	5107	0	0
ASV187	0	0	0	0	0	0	59	107	750	1566	5432	0	0	0	85	0	0
ASV188	1745	1107	493	1098	271	1201	0	0	0	0	0	0	0	0	0	0	0
ASV189	168	447	1832	830	2138	439	19	0	0	0	0	0	0	0	0	0	0
ASV190	210	510	2320	1111	1524	111	0	0	0	0	0	0	0	0	0	0	0
ASV191	223	273	55	17	23	4801	12	5	48	0	0	0	0	0	0	0	0
ASV192	507	431	293	454	222	244	403	200	797	1083	751	254	0	0	92	0	1001
ASV193	0	0	0	0	0	0	340	364	672	246	237	844	0	1234	1536	201	783
ASV194	953	718	424	741	379	133	137	187	419	174	419	89	0	0	0	243	7
ASV195	0	0	0	0	0	0	0	0	0	0	0	0	0	0	0	966	0
ASV196	0	0	0	0	0	0	0	0	285	261	0	0	0	7467	0	0	0
ASV197	0	0	0	0	0	0	0	0	0	0	0	0	0	4616	1272	274	38
ASV198	0	0	0	0	0	0	561	275	1376	531	471	1162	1689	0	736	175	75
ASV199	0	0	0	0	0	0	855	1199	1750	1127	1021	1648	0	0	0	0	0
ASV200	0	0	0	0	0	0	0	0	0	0	0	0	0	7872	0	0	0
ASV201	454	547	618	673	692	2362	38	45	0	108	39	0	0	0	0	0	0
ASV202	0	0	0	0	0	0	0	0	0	0	0	0	0	0	0	944	0
ASV203	0	0	0	0	0	0	54	4529	1656	576	178	0	0	0	0	0	198
ASV204	237	479	690	1257	2988	133	126	0	0	0	0	0	0	0	0	0	0
ASV205	0	0	0	0	0	0	0	0	0	0	0	0	9635	0	0	0	24
ASV206	405	433	127	242	76	84	494	182	351	285	356	1221	0	0	246	96	1217
ASV207	775	312	120	99	96	3764	10	45	0	0	0	0	0	0	0	0	0
ASV208	0	0	0	0	0	0	97	99	287	225	94	0	4433	0	1433	143	603
ASV209	0	0	0	0	0	0	276	506	448	753	413	942	0	0	2602	149	513
ASV210	1764	1232	267	216	284	1517	135	0	61	0	0	0	0	0	0	0	0
ASV211	0	0	0	0	0	0	0	0	0	0	0	0	7436	0	1917	0	0
ASV212	980	919	570	819	734	340	104	337	511	371	152	0	0	0	0	0	26
ASV213	0	0	0	0	0	0	37	62	0	56	10	0	3592	427	2033	280	0
ASV214	281	1472	133	2610	821	229	0	0	0	0	0	0	0	0	0	0	0
ASV215	0	0	0	0	0	0	0	0	0	0	0	0	9296	0	0	0	0
ASV216	339	314	2281	1160	1155	13	0	0	0	0	0	0	0	0	0	0	0
ASV217	0	0	0	0	0	0	404	520	1785	575	352	501	0	0	274	330	157
ASV218	773	634	104	49	15	3465	0	0	0	0	0	0	0	0	0	0	0
ASV219	0	0	0	0	0	0	0	0	0	0	0	0	8388	0	769	0	0
ASV220	0	0	0	0	0	0	25	0	0	0	0	0	3907	2576	909	93	0
ASV221	614	1055	1114	911	1146	402	0	0	0	0	0	0	0	0	0	0	0
ASV222	0	0	0	0	0	0	0	0	0	0	0	0	0	0	0	868	0
ASV223	0	0	0	0	0	0	0	0	0	0	0	0	8978	0	0	0	0
ASV224	1227	1659	845	172	271	772	37	62	0	0	28	0	0	0	0	0	0
ASV225	83	27	16	7	18	9	234	291	585	655	334	1048	0	2712	610	0	282
ASV226	0	0	0	0	0	0	0	0	0	0	0	0	1997	3455	838	147	52
ASV227	0	0	0	0	0	0	736	740	1336	1459	669	336	0	0	1425	0	179
ASV228	0	0	0	0	0	0	24	25	47	112	64	0	7043	0	472	0	485
ASV229	196	556	1443	987	1513	253	0	0	76	88	0	0	0	0	0	0	0
ASV230	742	634	554	387	110	2383	0	0	0	0	0	0	0	0	0	0	0
ASV231	0	0	0	0	0	0	115	331	286	107	9	294	0	0	2685	328	558
ASV232	0	0	0	0	0	0	0	0	0	0	22	0	0	0	2861	416	767
ASV233	0	0	0	0	0	0	83	0	12	0	88	0	2433	3590	80	128	16
ASV234	1185	1267	1135	339	465	501	0	0	0	0	0	0	0	0	0	0	0
ASV235	233	405	1693	895	1640	74	0	0	0	0	0	0	0	0	0	0	0
ASV236	0	0	0	0	0	0	46	30	176	0	0	0	6150	0	467	123	171
ASV237	0	0	0	0	0	0	341	449	743	335	285	50	0	3797	393	0	192
ASV238	0	0	2256	1361	723	0	0	76	0	0	366	0	0	0	0	0	0
ASV239	0	0	0	0	0	0	0	0	0	0	0	0	0	6460	0	0	100
ASV240	0	0	0	0	0	0	442	807	1454	698	474	1259	0	0	0	0	940
ASV241	635	878	1798	133	519	576	0	0	0	0	51	0	0	0	0	0	0
ASV242	0	0	0	0	0	0	357	855	1363	1744	1258	197	0	0	0	0	428
ASV243	0	0	0	0	0	0	330	165	286	648	384	358	0	3775	42	0	290
ASV244	0	0	0	0	0	0	0	0	0	0	0	0	8166	0	0	0	0
ASV245	0	0	0	0	0	0	0	44	0	0	0	0	7277	0	120	36	183
ASV246	1310	1094	387	548	334	832	226	0	0	0	0	0	0	0	0	0	0
ASV247	0	0	0	0	0	0	792	477	901	1885	969	755	0	0	0	0	263
ASV248	943	1550	1391	89	241	297	35	0	0	0	0	0	0	0	0	0	0
ASV249	227	808	237	21	30	921	94	0	0	152	0	0	3655	0	0	0	0
ASV250	90	68	46	31	40	3952	87	0	0	0	0	0	0	0	0	0	0
ASV251	0	0	0	0	15	0	364	411	768	303	565	1790	0	0	644	188	21
ASV252	398	598	614	357	671	141	95	0	195	131	485	0	0	0	0	0	1144
ASV253	20	0	262	2633	1966	38	0	0	0	0	0	0	0	0	0	0	0
ASV254	357	404	272	807	567	108	148	399	584	798	860	85	0	0	0	0	0
ASV255	936	870	748	203	573	1183	0	0	0	0	0	0	0	0	0	0	0
ASV256	0	0	0	0	0	0	143	165	574	608	280	1027	0	0	1381	241	284
ASV257	119	78	26	75	0	0	114	74	377	80	14	874	0	0	0	414	673
ASV258	0	0	0	0	0	0	0	0	0	0	0	0	2562	1306	1629	139	295
ASV259	0	19	0	17	0	5	402	886	1848	1199	1034	599	0	0	0	0	81
ASV260	202	277	1111	1466	1336	142	0	0	0	0	0	0	0	0	0	0	0
ASV261	304	416	760	1018	1551	263	237	0	0	11	0	0	0	0	0	0	0
ASV262	0	0	0	0	0	0	0	0	0	0	0	0	0	618	1422	526	0
ASV263	881	1077	1078	120	152	476	115	94	70	309	48	0	0	0	0	0	0
ASV264	0	0	0	0	0	0	0	0	0	13	0	0	4822	154	72	237	16
ASV265	74	0	176	715	1416	1987	0	0	0	0	0	0	0	0	0	0	0
ASV266	216	117	157	426	345	83	108	392	418	886	292	1777	0	0	0	0	250
ASV267	2403	590	566	680	150	111	0	0	0	0	0	0	0	0	0	0	0
ASV268	0	0	0	0	0	0	650	729	837	540	367	738	0	0	1913	0	197
ASV269	0	0	0	0	0	0	331	1332	1576	206	672	1642	0	0	0	0	74
ASV270	218	301	496	154	3304	123	0	0	0	0	0	0	0	0	0	0	0
ASV271	1625	796	286	744	544	246	126	0	90	0	39	0	0	0	0	0	0
ASV272	60	18	946	1865	1495	16	24	0	0	0	0	0	0	0	0	0	0
ASV273	0	0	0	0	0	0	0	0	0	0	0	0	0	3168	0	254	445
ASV274	360	532	512	960	1560	164	25	0	0	40	123	244	0	0	0	0	0
ASV275	0	0	0	0	0	3901	0	0	0	0	0	0	0	0	0	0	0
ASV276	0	0	0	0	0	0	313	1447	1085	520	742	1558	0	0	0	0	0
ASV277	0	0	0	0	0	0	65	78	42	143	173	153	0	3183	314	0	1215
ASV278	1124	1430	308	66	430	765	38	0	0	0	96	0	0	0	0	0	0
ASV279	0	0	0	0	0	0	16	0	0	0	81	0	0	0	0	424	1558
ASV280	0	0	0	0	0	0	175	2409	1331	503	935	167	0	0	0	0	0
ASV281	0	0	0	0	0	0	0	0	0	0	0	0	5623	0	768	0	482
ASV282	85	168	655	1040	731	1438	0	0	0	0	0	0	0	0	0	0	0
ASV283	1039	424	553	629	766	746	0	0	0	108	0	0	0	0	0	0	0
ASV284	984	691	633	957	791	190	31	0	0	0	0	0	0	0	0	0	0
ASV285	570	543	501	340	206	1709	27	145	0	0	0	0	0	0	0	0	0
ASV286	0	0	0	0	14	3243	55	107	12	193	374	0	0	0	0	0	34
ASV287	140	253	1020	924	1754	105	16	0	0	0	0	0	0	0	0	0	0
ASV288	906	792	306	863	1020	134	157	0	0	108	0	0	0	0	0	0	0
ASV289	819	577	246	201	167	318	322	674	131	151	445	0	0	0	0	0	355
ASV290	0	0	0	0	0	0	0	0	0	0	0	588	3064	0	1856	0	780
ASV291	0	0	0	0	0	0	0	0	0	0	0	0	0	5433	0	0	127
ASV292	658	442	954	684	1160	221	6	0	0	0	0	0	0	0	0	0	0
ASV293	150	133	44	63	60	32	417	391	557	655	353	2096	0	0	104	0	179
ASV294	992	1000	529	413	186	466	347	0	0	0	81	0	0	0	0	0	0
ASV295	138	178	118	0	0	3238	0	39	0	0	0	0	0	0	0	0	0
ASV296	220	170	100	315	267	54	77	854	341	419	643	199	0	0	404	0	713
ASV297	74	0	0	0	18	3568	0	0	0	0	0	0	0	0	0	0	0
ASV298	438	379	234	104	199	2420	0	0	0	0	0	0	0	0	0	0	0
ASV299	27	16	7	14	8	0	13	0	288	0	0	0	5067	0	0	127	0
ASV300	0	0	0	0	0	0	347	1084	2267	632	613	474	0	0	0	0	0
ASV301	898	878	594	224	182	887	185	18	0	0	0	0	0	0	0	0	0
ASV302	559	492	564	721	1122	253	240	0	90	0	0	0	0	0	0	0	0
ASV303	334	650	823	834	351	398	194	0	353	0	74	0	0	0	0	0	0
ASV304	1388	870	535	610	241	277	19	0	0	0	0	0	0	0	0	0	0
ASV305	593	499	598	941	1001	300	0	42	0	0	0	0	0	0	0	0	0
ASV306	1056	925	321	416	353	813	0	0	0	0	0	0	0	0	0	0	0
ASV307	0	0	0	0	0	0	0	0	0	0	0	0	0	0	0	642	0
ASV308	0	0	0	0	0	0	52	20	98	0	0	0	0	0	0	361	1494
ASV309	0	0	0	0	0	0	0	0	56	0	0	0	5663	0	341	54	0
ASV310	59	72	39	14	0	10	67	260	260	2552	1224	321	0	0	0	0	131
ASV311	0	0	0	0	0	0	0	0	0	0	0	0	0	0	699	524	245
ASV312	0	0	0	0	0	3453	0	0	0	0	0	0	0	0	0	0	0
ASV313	64	53	29	62	19	25	160	242	662	400	236	2443	0	0	0	0	494
ASV314	204	314	787	893	1480	137	0	0	0	0	0	0	0	0	0	0	0
ASV315	166	450	346	1408	921	198	127	237	0	0	0	0	0	0	0	0	0
ASV316	0	0	0	0	0	0	0	0	0	0	0	0	0	0	0	565	301
ASV317	0	0	0	0	0	0	0	0	0	0	0	0	0	1783	1436	0	1498
ASV318	138	41	0	18	0	3172	40	0	0	0	0	0	0	0	0	0	0
ASV319	172	128	47	116	96	21	79	100	169	433	165	0	0	0	1083	70	1293
ASV320	206	278	186	45	50	2650	0	0	0	0	0	0	0	0	0	0	0
ASV321	648	406	276	480	424	157	290	364	25	294	185	0	0	0	601	0	0
ASV322	0	0	0	0	0	0	391	327	414	1566	990	0	0	0	0	136	0
ASV323	767	619	470	500	578	264	489	0	0	0	0	0	0	0	0	0	0
ASV324	0	0	0	0	0	0	0	0	0	0	0	0	0	0	0	607	0
ASV325	0	0	0	0	0	0	241	1470	1561	743	474	345	0	0	0	0	32
ASV326	0	10	0	0	0	0	240	801	1171	315	451	135	0	0	359	95	511
ASV327	0	0	0	0	0	0	0	0	0	0	0	0	0	0	0	602	0
ASV328	0	0	0	0	0	0	0	0	0	0	0	0	0	4627	284	12	0
ASV329	0	0	0	0	0	0	516	635	513	1156	702	1171	0	0	0	0	0
ASV330	71	45	52	181	47	2922	7	0	0	0	0	0	0	0	0	0	0
ASV331	0	0	0	0	0	0	0	0	0	0	0	0	6071	0	0	0	50
ASV332	241	163	39	71	12	23	512	397	310	701	325	521	0	463	375	29	107
ASV333	331	147	113	178	55	52	334	522	337	246	338	845	0	0	0	94	111
ASV334	381	348	170	187	144	174	693	167	224	760	301	326	0	0	0	0	147
ASV335	0	0	0	0	0	0	0	62	0	0	0	0	1039	0	667	391	140
ASV336	525	305	391	800	1095	484	0	0	36	0	0	0	0	0	0	0	0
ASV337	0	19	0	8	0	0	219	110	472	215	38	1026	0	0	0	329	0
ASV338	857	457	742	295	177	540	99	27	20	0	0	370	0	0	0	0	0
ASV339	896	592	275	732	483	386	206	0	0	0	0	0	0	0	0	0	0
ASV340	0	0	0	0	0	0	179	145	705	817	477	1091	68	0	0	0	937
ASV341	716	842	563	362	699	264	30	0	0	0	0	0	0	0	0	0	0
ASV342	220	248	678	961	1192	118	0	0	151	0	0	0	0	0	0	0	0
ASV343	0	0	0	0	0	0	55	10	44	0	151	253	0	0	435	424	231
ASV344	304	217	96	191	120	17	192	44	125	440	238	800	0	0	0	0	1072
ASV345	726	632	463	417	779	249	41	97	79	0	0	0	0	0	0	0	0
ASV346	579	616	574	401	294	809	30	0	0	0	0	0	0	0	0	0	0
ASV347	0	0	0	0	0	0	272	653	831	902	1013	776	0	52	0	0	5
ASV348	0	0	0	0	37	0	235	224	767	1101	422	538	0	0	1371	0	78
ASV349	0	0	0	0	0	0	0	0	0	0	0	0	0	4620	0	0	0
ASV350	0	0	0	0	0	0	128	0	0	0	204	0	0	0	0	0	2967
ASV351	0	0	31	15	22	0	201	242	627	1146	290	442	0	0	0	150	187
ASV352	0	0	0	0	0	0	26	214	698	2134	1468	0	0	0	0	0	0
ASV353	250	206	338	1110	1026	479	0	0	0	0	0	0	0	0	0	0	0
ASV354	414	583	830	626	410	301	71	0	39	0	0	0	0	0	0	0	0
ASV355	0	0	0	0	0	0	121	175	590	1644	1117	147	0	0	275	0	315
ASV356	0	0	0	0	0	0	0	0	0	0	0	0	0	4170	0	45	0
ASV357	0	0	0	0	0	0	123	145	0	0	480	0	0	0	0	286	937
ASV358	0	0	0	0	0	0	0	0	0	0	0	0	0	3649	0	0	592
ASV359	458	562	431	582	904	224	154	0	0	0	0	0	0	0	0	0	0
ASV360	0	0	0	0	0	0	242	3248	267	0	118	0	0	0	0	0	0
ASV361	2034	1205	78	22	0	5	0	0	0	0	0	0	0	0	0	0	0
ASV362	0	0	0	0	0	0	6	0	0	0	0	0	0	4253	0	0	107
ASV363	990	628	579	459	540	59	0	14	0	0	0	0	0	0	0	0	0
ASV364	60	53	154	293	357	24	376	349	1270	473	430	198	0	0	0	0	0
ASV365	797	574	536	423	494	389	0	0	0	0	0	0	0	0	0	0	0
ASV366	1169	1099	207	331	247	200	0	0	0	0	0	0	0	0	0	0	0
ASV367	0	0	0	0	0	0	0	0	0	0	0	0	0	4385	0	0	0
ASV368	122	56	36	49	33	0	0	0	76	79	0	0	0	0	0	0	2687
ASV369	86	95	0	38	11	19	77	275	461	835	462	759	0	0	0	0	775
ASV370	0	0	0	0	0	0	0	0	0	13	0	0	4144	0	0	122	0
ASV371	0	0	0	0	0	0	16	86	1760	1332	1264	0	0	0	0	0	0
ASV372	0	0	0	0	0	0	147	206	445	845	858	1787	0	0	0	0	0
ASV373	1098	1061	237	100	75	456	39	56	0	0	0	0	0	0	0	0	0
ASV374	0	0	0	0	0	0	20	0	0	0	0	0	0	0	793	436	0
ASV375	0	0	0	0	0	0	10	25	0	0	62	0	2940	0	1201	96	34
ASV376	0	0	0	0	0	0	0	0	0	0	0	0	0	0	1973	0	1861
ASV377	757	742	303	517	652	195	0	0	0	0	0	0	0	0	0	0	0
ASV378	0	0	0	0	0	0	171	1072	624	1076	423	74	0	0	564	0	79
ASV379	0	0	0	0	0	0	0	0	0	0	0	0	0	0	0	0	2938
ASV380	0	0	0	0	0	0	102	147	192	87	74	948	0	0	796	0	1365
ASV381	0	0	0	0	0	0	0	0	19	0	0	0	0	4122	0	0	0
ASV382	263	385	392	649	1124	210	27	0	0	0	50	0	0	0	0	0	0
ASV383	0	0	0	0	0	0	0	0	0	0	0	0	5124	0	0	0	23
ASV384	363	244	310	1508	517	108	0	0	0	0	0	0	0	0	0	0	0
ASV385	370	259	1102	638	483	32	0	0	0	0	24	0	0	0	0	0	0
ASV386	283	269	65	84	31	49	137	0	108	104	31	762	0	0	0	79	817
ASV387	0	0	0	0	0	0	0	0	0	0	0	0	5060	0	0	0	0
ASV388	390	367	323	694	989	168	83	0	0	0	0	0	0	0	0	0	0
ASV389	0	0	0	0	0	0	0	0	0	0	0	0	0	4015	0	0	0
ASV390	437	680	491	757	532	51	0	0	0	0	0	0	0	0	0	0	0
ASV391	0	0	0	0	0	0	0	0	15	87	0	0	0	2916	815	37	0
ASV392	0	0	0	0	0	0	0	22	0	0	0	0	0	3959	0	0	0
ASV393	0	0	0	0	0	0	52	152	219	29	171	859	0	1791	0	0	496
ASV394	567	368	393	488	572	483	35	0	0	0	0	0	0	0	0	0	0
ASV395	248	260	95	293	59	48	67	141	110	1114	262	362	0	0	587	0	0
ASV396	583	428	371	388	310	355	239	218	0	0	0	0	0	0	0	0	0
ASV397	714	744	414	276	364	277	68	0	0	0	0	0	0	0	0	0	0
ASV398	88	185	516	871	904	71	0	0	0	0	0	0	0	0	0	0	268
ASV399	717	574	746	245	417	134	0	0	0	0	0	0	0	0	0	0	0
ASV400	182	259	171	703	1442	211	0	0	0	0	0	0	0	0	0	0	0
ASV401	0	0	0	0	0	0	146	213	0	0	160	0	0	2748	617	0	0
ASV402	0	0	0	0	0	0	0	0	0	0	0	0	2667	1545	0	0	131
ASV403	0	0	0	0	0	0	0	0	0	0	0	0	4828	0	0	0	0
ASV404	0	0	0	0	0	0	0	0	0	0	0	0	327	3493	88	0	17
ASV405	82	154	71	121	47	26	112	13	49	374	160	0	0	2209	0	0	119
ASV406	0	0	0	0	0	0	18	34	0	26	24	0	0	0	2255	30	1130
ASV407	621	185	134	189	158	88	34	39	0	0	35	43	0	0	0	219	0
ASV408	645	459	218	147	288	959	0	0	0	0	0	0	0	0	0	0	0
ASV409	25	41	16	22	13	0	314	485	809	266	369	56	0	0	1468	0	0
ASV410	0	0	0	0	0	0	249	343	779	547	442	1360	0	0	0	0	0
ASV411	0	0	0	0	0	0	163	323	778	541	1332	497	0	0	23	0	22
ASV412	754	1278	496	72	0	71	0	0	0	0	0	0	0	0	0	0	0
ASV413	550	353	460	572	0	332	263	0	0	0	197	0	0	0	0	0	0
ASV414	676	711	363	304	222	420	0	0	0	0	0	0	0	0	0	0	0
ASV415	0	0	0	0	0	0	0	0	0	0	0	0	4658	0	0	0	0
ASV416	0	0	0	0	0	0	0	0	0	0	0	0	0	2309	508	94	145
ASV417	630	606	286	207	293	156	467	0	90	0	0	0	0	0	0	0	0
ASV418	854	472	229	480	105	512	33	0	0	0	0	0	0	0	0	0	0
ASV419	0	0	0	0	0	0	23	35	462	1277	1489	344	0	0	0	0	0
ASV420	829	759	308	213	284	199	92	0	0	0	0	0	0	0	0	0	0
ASV421	351	191	191	241	426	214	68	0	0	46	37	0	1363	0	0	0	148
ASV422	0	0	0	0	0	0	0	0	0	0	0	0	0	3649	0	0	0
ASV423	0	0	0	2600	0	130	0	26	0	0	0	0	0	0	0	0	0
ASV424	0	0	0	0	0	0	0	0	0	0	0	0	0	2688	0	113	0
ASV425	1123	1047	0	0	0	462	0	0	22	0	0	0	0	0	0	0	0
ASV426	0	0	0	0	0	0	120	475	1222	356	1011	0	0	0	341	0	96
ASV427	0	0	0	0	0	0	59	32	0	77	27	0	2693	0	0	96	302
ASV428	0	0	0	0	0	0	0	0	0	0	0	0	1560	0	842	201	0
ASV429	0	0	0	0	0	0	0	0	206	0	0	0	0	0	0	410	0
ASV430	75	130	43	70	20	35	229	260	374	371	290	329	0	0	0	55	435
ASV431	172	339	567	602	771	100	0	0	0	21	0	0	0	0	0	0	0
ASV432	0	0	0	0	0	0	20	0	0	0	0	0	3665	0	349	0	178
ASV433	0	0	0	0	0	0	0	0	0	0	0	0	3907	0	0	0	247
ASV434	0	0	0	0	0	0	448	409	1184	933	364	0	0	0	0	0	0
ASV435	0	0	0	0	0	0	0	0	0	0	0	564	0	1320	0	154	214
ASV436	194	128	135	158	181	7	115	175	177	0	75	134	0	0	0	0	1146
ASV437	0	0	0	0	0	0	93	805	844	792	192	615	0	0	0	0	20
ASV438	0	0	0	0	0	0	32	298	517	1169	934	424	0	0	0	0	0
ASV439	40	54	41	0	10	2128	0	0	0	0	0	0	0	0	0	0	0
ASV440	1302	824	0	68	87	262	0	0	0	0	0	0	0	0	0	0	0
ASV441	20	103	241	306	483	0	0	20	0	91	21	0	0	0	0	0	1168
ASV442	84	674	24	67	1652	65	0	0	0	0	0	0	0	0	0	0	0
ASV443	93	324	361	410	625	546	41	0	0	0	0	0	0	0	0	0	0
ASV444	0	0	0	0	0	0	0	0	0	0	0	0	0	0	0	400	0
ASV445	0	0	0	0	0	0	20	0	0	0	0	0	0	899	0	288	0
ASV446	0	0	0	0	0	0	0	1082	0	0	0	0	0	0	802	0	985
ASV447	372	685	684	57	64	401	0	24	0	0	0	0	0	0	0	0	0
ASV448	642	548	431	137	261	344	0	0	0	0	0	0	0	0	0	0	0
ASV449	348	324	286	593	639	176	68	0	0	0	0	0	0	0	0	0	0
ASV450	0	0	0	0	0	0	99	482	481	298	1002	185	0	0	768	0	0
ASV451	485	372	272	430	602	174	0	62	64	0	0	0	0	0	0	0	0
ASV452	0	0	0	0	0	0	345	220	810	412	577	203	0	0	0	50	127
ASV453	301	281	122	187	148	106	11	134	206	192	103	1077	0	0	0	0	0
ASV454	0	0	0	0	0	0	211	703	424	548	806	383	0	0	0	0	0
ASV455	81	56	38	363	326	36	94	0	288	140	147	210	0	0	0	107	213
ASV456	371	194	619	119	257	66	16	196	327	177	243	0	0	0	0	0	0
ASV457	42	34	0	0	30	0	137	0	0	176	105	50	0	0	1277	0	1070
ASV458	157	0	0	98	0	25	119	20	133	54	174	0	0	0	2751	0	53
ASV459	41	44	0	22	23	0	20	0	0	56	98	0	0	0	1876	150	64
ASV460	369	371	400	360	472	235	80	0	38	51	0	0	0	0	0	0	0
ASV461	414	288	179	570	696	131	61	0	0	99	0	0	0	0	0	0	0
ASV462	0	0	0	0	0	0	0	0	0	0	0	0	4009	0	0	0	0
ASV463	103	105	77	195	109	14	0	0	164	0	0	0	0	0	0	0	1571
ASV464	56	294	587	236	1132	22	31	0	0	0	0	0	0	0	0	0	0
ASV465	281	480	303	303	253	263	406	0	0	0	0	0	0	0	0	0	0
ASV466	0	0	0	0	0	0	124	166	268	0	108	68	0	2107	361	0	0
ASV467	0	0	0	0	0	2099	0	0	0	0	0	0	0	0	0	0	0
ASV468	0	0	0	0	0	0	3	0	93	0	0	0	0	0	0	332	210
ASV469	0	0	0	0	0	0	335	513	542	1130	259	176	0	0	0	0	0
ASV470	287	292	529	227	264	230	236	29	0	0	0	0	0	0	0	0	139
ASV471	0	0	0	0	0	0	0	0	0	0	0	0	0	0	0	378	0
ASV472	0	0	0	0	0	0	18	0	64	196	175	0	0	1936	301	50	31
ASV473	0	0	0	0	0	0	107	55	970	959	721	236	0	0	101	0	4
ASV474	0	0	0	0	0	0	265	318	515	1109	751	0	0	0	0	0	0
ASV475	0	0	0	0	0	0	0	8	85	78	0	0	0	0	1575	0	1151
ASV476	270	146	573	596	357	271	0	0	0	0	0	0	0	0	0	0	0
ASV477	676	499	378	170	297	164	45	0	0	0	0	0	0	0	0	0	0
ASV478	0	0	0	0	0	0	0	0	0	0	0	0	3053	0	462	0	158
ASV479	0	0	0	0	0	0	98	23	8	258	20	0	0	2373	255	0	0
ASV480	180	245	595	475	702	24	0	0	0	0	0	0	0	0	0	0	0
ASV481	412	471	322	505	235	223	33	0	0	0	0	0	0	0	0	0	0
ASV482	0	0	0	0	0	0	71	90	55	0	79	0	0	0	0	286	223
ASV483	0	0	0	0	0	0	0	0	0	0	2896	0	0	0	0	0	0
ASV484	0	0	0	0	0	0	0	0	148	98	0	0	0	2773	0	0	0
ASV485	9	43	30	104	81	0	201	293	502	59	159	803	0	0	0	0	402
ASV486	529	442	362	52	48	606	62	0	0	0	0	0	0	0	0	0	0
ASV487	690	473	233	334	173	111	90	32	0	87	0	0	0	0	0	0	0
ASV488	468	270	103	60	0	1171	0	0	0	0	0	0	0	0	0	0	0
ASV489	0	0	0	0	0	0	123	78	625	357	116	432	0	719	0	0	382
ASV490	0	0	0	0	0	0	0	0	0	0	0	0	3697	0	0	0	0
ASV491	363	356	421	274	375	248	0	0	74	63	0	0	0	0	0	0	0
ASV492	0	0	0	0	0	0	51	103	30	89	0	112	2837	0	0	0	177
ASV493	0	0	0	0	0	0	0	27	56	148	35	135	0	1023	1511	0	191
ASV494	638	506	261	69	147	404	21	0	0	82	0	0	0	0	0	0	0
ASV495	0	0	0	0	0	0	0	0	0	0	0	0	0	0	0	352	0
ASV496	0	0	0	0	0	0	0	0	0	0	0	0	0	2673	179	0	62
ASV497	242	293	316	408	537	14	0	0	0	52	48	0	0	0	0	42	0
ASV498	9	0	0	0	0	0	0	49	145	891	1528	0	0	0	229	0	0
ASV499	0	0	0	0	0	0	15	0	33	0	0	0	0	0	436	206	530
ASV500	0	0	0	0	0	0	0	0	0	22	0	0	0	951	727	156	0
ASV501	0	0	0	0	0	0	0	0	0	0	0	0	3578	0	0	0	0
ASV502	0	0	0	0	0	0	248	217	599	496	598	629	0	0	0	0	0
ASV503	0	0	0	0	0	0	0	0	0	0	0	0	0	1969	1068	0	0
ASV504	351	380	323	175	134	621	0	0	0	0	0	0	0	0	0	0	0
ASV505	551	629	275	29	98	401	0	0	0	26	0	0	0	0	0	0	0
ASV506	44	29	0	0	0	1797	0	0	0	0	0	0	0	0	0	0	0
ASV507	0	0	0	0	0	0	70	531	477	638	411	610	0	0	0	0	0
ASV508	471	291	244	226	688	174	0	0	0	0	0	0	0	0	0	0	0
ASV509	0	0	0	0	0	0	69	0	0	0	0	0	0	0	3289	0	0
ASV510	0	0	0	0	0	0	92	482	378	1338	386	0	0	0	0	0	0
ASV511	530	394	225	72	47	195	308	85	80	86	73	0	0	0	0	0	0
ASV512	52	107	446	583	883	13	0	0	0	0	0	0	0	0	0	0	0
ASV513	150	203	387	539	676	68	38	0	0	0	0	0	0	0	0	0	0
ASV514	374	351	233	332	321	352	59	0	0	0	0	0	0	0	0	0	0
ASV515	290	303	218	579	610	83	0	0	0	0	0	0	0	0	0	0	0
ASV516	0	0	0	0	0	0	123	201	190	0	0	549	1148	0	0	0	530
ASV517	428	347	246	146	185	506	120	0	0	0	0	0	0	0	0	0	0
ASV518	286	208	166	439	238	646	0	0	0	0	0	0	0	0	0	0	0
ASV519	0	0	0	0	0	0	57	17	253	71	53	0	0	0	0	240	223
ASV520	274	324	265	289	292	527	0	0	0	0	0	0	0	0	0	0	0
ASV521	0	0	0	0	0	0	14	0	30	0	0	107	0	730	219	198	30
ASV522	134	188	203	435	870	209	17	0	0	0	0	0	0	0	0	0	0
ASV523	1174	0	0	0	0	721	114	0	0	0	0	0	0	0	0	0	0
ASV524	578	322	273	252	213	129	203	0	0	0	31	0	0	0	0	0	0
ASV525	643	592	386	122	0	202	0	0	0	0	0	0	0	0	0	0	0
ASV526	0	0	0	0	0	0	26	0	6	0	88	0	0	571	1605	0	487
ASV527	150	186	158	206	182	182	93	174	171	221	213	327	0	0	0	0	0
ASV528	0	0	0	0	0	0	0	0	29	0	0	0	0	0	1375	188	0
ASV529	428	232	132	97	113	898	0	0	0	0	0	0	0	0	0	0	0
ASV530	0	0	0	0	0	0	158	545	108	303	209	0	0	0	0	0	855
ASV531	18	105	511	324	632	338	0	0	0	0	0	0	0	0	0	0	0
ASV532	155	76	18	72	83	0	70	100	0	253	0	428	0	0	1533	0	0
ASV533	0	60	35	0	0	1655	0	0	0	37	0	0	0	0	0	0	0
ASV534	0	0	0	0	0	0	0	0	0	0	0	0	0	0	0	319	0
ASV535	347	268	272	222	562	215	0	28	62	0	0	0	0	0	0	0	0
ASV536	0	0	0	0	0	0	0	0	0	0	0	0	0	0	0	318	0
ASV537	246	164	313	662	594	0	0	0	0	0	0	0	0	0	0	0	0
ASV538	90	116	216	288	127	986	0	0	0	0	0	0	0	0	0	0	0
ASV539	0	0	0	0	0	0	20	0	0	25	0	0	0	1303	0	39	662
ASV540	177	281	349	340	692	79	0	0	32	0	0	0	0	0	0	0	0
ASV541	577	487	130	0	22	550	97	0	0	0	0	0	0	0	0	0	0
ASV542	307	215	270	562	383	26	174	0	0	0	0	0	0	0	0	0	0
ASV543	221	268	242	84	0	866	56	0	86	0	0	0	0	0	0	0	0
ASV544	0	0	0	0	0	0	0	55	0	0	8	0	0	0	365	267	0
ASV545	484	243	56	82	26	848	30	0	0	51	22	0	0	0	0	0	0
ASV546	0	0	0	0	0	0	0	0	0	0	0	0	3225	0	0	0	0
ASV547	31	13	8	0	0	0	1784	0	0	0	0	0	0	0	0	0	0
ASV548	194	249	205	360	280	53	68	120	114	74	81	0	0	0	0	0	178
ASV549	0	0	0	0	0	0	0	0	0	0	0	0	0	2559	0	0	0
ASV550	0	0	0	0	0	0	17	92	21	37	25	0	0	0	0	0	1646
ASV551	188	96	83	43	0	1230	72	0	51	0	0	0	0	0	0	0	0
ASV552	558	308	209	171	0	573	0	0	0	0	0	0	0	0	0	0	0
ASV553	66	238	307	589	494	177	0	0	0	0	0	0	0	0	0	0	0
ASV554	0	0	0	0	0	0	0	0	0	0	0	0	0	2547	0	0	0
ASV555	0	0	0	0	0	0	0	0	0	18	2438	0	0	0	0	0	0
ASV556	0	0	0	0	0	0	0	0	0	0	0	0	0	2523	0	0	0
ASV557	551	468	190	129	191	307	0	0	0	0	0	0	0	0	0	0	0
ASV558	234	234	138	139	146	105	0	139	401	528	102	0	0	0	0	0	0
ASV559	0	0	0	0	0	0	0	44	0	0	0	109	0	0	1378	0	863
ASV560	161	866	102	393	140	148	0	0	0	0	0	0	0	0	0	0	0
ASV561	412	242	84	131	25	808	0	0	101	0	0	0	0	0	0	0	0
ASV562	0	0	0	0	0	0	74	334	356	429	113	490	0	0	262	0	312
ASV563	234	318	360	300	448	151	0	0	0	0	0	0	0	0	0	0	0
ASV564	147	177	245	652	390	93	0	0	0	125	53	0	0	0	0	0	0
ASV565	0	0	0	0	0	0	59	223	159	773	393	0	0	0	0	0	551
ASV566	243	153	62	101	65	34	0	159	196	0	162	0	0	0	0	0	743
ASV567	0	0	0	0	0	0	0	0	0	0	0	0	0	0	0	297	0
ASV568	245	138	215	469	530	230	0	0	0	0	0	0	0	0	0	0	0
ASV569	0	0	0	0	0	3	356	484	465	457	369	0	0	0	0	0	93
ASV570	0	0	0	0	0	0	21	15	0	0	63	0	0	0	0	207	436
ASV571	0	0	0	0	0	0	0	0	0	0	0	0	0	0	1352	0	939
ASV572	0	0	0	0	0	0	257	243	322	239	588	359	0	0	279	0	62
ASV573	10	5	0	0	0	0	114	82	751	105	63	721	0	0	778	0	0
ASV574	0	0	0	0	0	0	388	288	762	550	317	0	0	0	0	0	0
ASV575	127	106	29	66	79	21	168	186	284	664	246	116	0	0	0	0	77
ASV576	0	0	0	0	0	0	0	0	0	0	0	0	0	0	0	293	0
ASV577	0	0	0	0	0	0	0	0	0	0	0	0	0	0	0	293	0
ASV578	23	0	0	0	0	1580	0	0	0	0	0	0	0	0	0	0	0
ASV579	0	105	0	0	0	0	106	38	245	0	330	0	0	0	0	0	1061
ASV580	0	0	0	0	0	0	0	99	0	0	57	0	0	0	723	0	1147
ASV581	308	271	200	291	331	347	0	0	0	0	0	0	0	0	0	0	0
ASV582	0	0	0	0	0	0	330	402	449	671	362	0	0	0	0	0	0
ASV583	120	86	24	48	42	968	12	144	37	165	108	0	0	0	0	0	0
ASV584	0	0	0	0	0	0	0	0	0	0	0	0	0	2379	0	0	0
ASV585	129	156	345	353	665	80	37	0	0	0	0	0	0	0	0	0	0
ASV586	159	160	70	20	0	1204	0	0	0	0	0	0	0	0	0	0	0
ASV587	121	83	0	61	0	0	87	0	0	337	100	1314	0	0	0	0	124
ASV588	0	0	0	0	0	0	0	0	0	0	0	0	0	0	0	0	1665
ASV589	377	391	186	230	230	245	67	0	0	0	0	0	0	0	0	0	0
ASV590	0	0	0	0	0	0	0	0	0	0	0	0	0	0	0	286	0
ASV591	512	433	124	139	167	346	0	0	0	0	0	0	0	0	0	0	0
ASV592	53	48	17	38	75	7	191	371	454	316	249	119	0	0	0	0	180
ASV593	68	135	615	386	362	86	28	0	0	0	0	0	0	0	0	0	0
ASV594	318	225	335	198	164	54	348	0	0	0	75	0	0	0	0	0	0
ASV595	0	0	0	0	0	0	208	292	398	850	319	0	0	0	0	0	120
ASV596	0	0	0	0	0	0	0	168	0	0	82	103	0	0	0	0	1383
ASV597	0	0	0	0	0	0	0	0	0	0	0	0	0	0	2325	0	311
ASV598	157	115	368	391	639	73	0	0	0	0	0	0	0	0	0	0	0
ASV599	0	0	0	0	0	0	72	441	636	101	339	0	0	0	655	0	134
ASV600	0	0	0	0	0	0	333	179	287	125	94	0	0	0	0	0	835
ASV601	0	0	0	0	0	0	0	0	0	0	0	0	0	0	2843	0	0
ASV602	338	201	169	442	425	161	0	0	0	0	0	0	0	0	0	0	0
ASV603	0	0	0	0	0	0	344	338	273	377	166	49	0	0	613	0	68
ASV604	0	0	0	0	0	0	0	0	0	0	0	0	0	0	1225	0	921
ASV605	0	0	0	14	0	0	87	215	441	276	313	939	0	0	0	0	0
ASV606	538	503	180	151	0	199	55	0	0	0	26	0	0	0	0	0	0
ASV607	0	0	0	0	0	0	386	90	567	385	356	0	0	0	0	0	257
ASV608	224	345	150	282	340	124	99	76	57	2	0	0	0	0	0	0	0
ASV609	254	273	271	307	391	85	0	0	0	0	110	0	0	0	0	0	0
ASV610	71	82	44	49	40	0	16	204	72	172	12	74	0	0	1305	0	151
ASV611	0	0	0	0	0	0	61	296	279	209	289	766	0	0	0	15	142
ASV612	179	94	33	28	30	0	185	52	852	554	130	0	0	0	0	0	0
ASV613	0	0	0	0	0	0	55	28	0	47	0	0	0	0	0	234	104
ASV614	0	0	0	0	0	0	0	0	167	0	0	0	0	0	2561	0	0
ASV615	0	0	0	0	0	0	0	0	0	11	12	0	0	1357	196	0	492
ASV616	369	29	0	1321	0	0	0	0	0	0	0	0	0	0	0	0	0
ASV617	0	0	0	0	0	0	0	0	0	0	0	0	0	2236	0	0	0
ASV618	0	0	0	0	0	0	185	97	320	234	152	683	0	79	0	0	308
ASV619	99	201	189	443	709	26	16	0	0	0	0	0	0	0	0	0	0
ASV620	0	0	0	0	0	0	0	10	0	0	0	408	0	1804	0	0	0
ASV621	168	104	243	389	606	118	20	0	0	0	0	0	0	0	0	0	0
ASV622	396	303	77	208	568	98	19	0	0	0	0	0	0	0	0	0	0
ASV623	7	1534	0	0	0	9	0	0	0	0	0	0	0	0	0	0	0
ASV624	0	0	0	0	0	0	502	63	594	660	217	0	0	0	0	0	0
ASV625	0	0	0	0	0	0	428	129	303	242	86	714	0	0	115	0	36
ASV626	258	354	268	406	148	151	0	0	0	0	0	0	0	0	0	0	0
ASV627	161	231	195	52	48	813	0	0	0	0	0	0	0	0	0	0	0
ASV628	165	220	246	393	441	75	77	0	0	0	0	0	0	0	0	0	0
ASV629	0	0	0	0	0	0	16	19	63	0	62	0	0	1230	270	54	80
ASV630	831	515	46	0	0	214	0	0	0	0	0	0	0	0	0	0	0
ASV631	0	0	2	0	0	0	0	0	0	0	0	0	0	2167	0	0	0
ASV632	0	53	218	472	830	67	0	0	0	0	0	0	0	0	0	0	0
ASV633	292	565	241	62	81	248	0	44	0	0	0	0	0	0	0	0	0
ASV634	31	20	4	22	2	8	165	180	587	265	380	432	0	0	0	0	0
ASV635	179	108	0	385	377	45	79	79	62	458	0	0	0	0	0	0	0
ASV636	0	211	0	0	204	8	0	0	573	81	35	0	0	0	1175	0	0
ASV637	0	0	0	0	0	0	0	0	0	0	0	0	0	0	0	258	0
ASV638	515	130	373	238	14	187	77	0	0	0	0	0	0	0	0	0	0
ASV639	598	266	154	159	56	257	0	0	0	90	0	0	0	0	0	0	0
ASV640	77	19	85	27	57	33	145	226	498	101	134	595	0	0	0	0	0
ASV641	61	116	323	216	612	202	27	0	0	0	0	0	0	0	0	0	0
ASV642	0	0	0	0	0	0	0	0	0	0	0	0	0	2122	0	0	0
ASV643	42	150	129	102	87	0	101	133	83	206	121	0	0	0	0	0	498
ASV644	190	233	153	278	440	260	0	0	0	0	0	0	0	0	0	0	0
ASV645	0	0	0	0	0	0	178	190	101	514	637	370	0	0	0	0	0
ASV646	0	0	0	0	0	0	87	0	72	347	82	403	0	0	1267	0	34
ASV647	0	0	0	0	0	0	17	0	0	32	0	0	2285	0	0	0	149
ASV648	0	0	0	0	0	0	0	0	0	0	0	0	0	0	0	252	0
ASV649	360	270	132	420	178	80	99	0	0	0	0	0	0	0	0	0	0
ASV650	0	0	0	0	0	0	283	431	537	280	38	175	0	0	0	0	148
ASV651	0	0	0	0	0	0	0	0	0	0	0	0	2590	0	0	0	0
ASV652	0	0	0	0	0	0	0	185	175	58	48	202	0	0	0	53	670
ASV653	0	0	0	0	0	0	41	338	863	713	66	43	0	0	0	0	16
ASV654	249	303	114	509	328	43	0	0	0	0	0	0	0	0	0	0	0
ASV655	0	0	0	0	0	0	157	397	156	271	215	0	0	0	0	88	6
ASV656	198	159	179	241	314	97	283	0	0	39	0	0	0	0	0	0	0
ASV657	0	0	0	0	0	0	0	0	0	0	0	0	0	0	0	246	0
ASV658	289	235	112	213	63	534	0	0	0	0	0	0	0	0	0	0	0
ASV659	0	0	0	0	0	0	0	0	100	0	0	0	0	1945	0	0	0
ASV660	270	199	96	88	22	88	70	0	0	0	234	0	0	0	0	0	450
ASV661	0	0	0	0	0	0	74	98	155	844	729	0	0	0	0	0	29
ASV662	0	13	0	0	37	0	188	142	685	401	278	0	0	0	280	0	0
ASV663	0	0	0	0	0	0	0	0	0	0	0	0	467	1642	0	0	0
ASV664	403	310	299	164	56	124	53	0	63	0	0	0	0	0	0	0	0
ASV665	0	0	0	0	0	0	27	0	6	0	63	0	0	522	970	0	412
ASV666	0	0	0	0	0	0	0	0	0	0	0	0	0	0	0	0	1411
ASV667	0	0	0	0	0	0	0	31	38	20	31	0	918	598	530	11	18
ASV668	39	117	211	252	722	156	0	0	0	0	0	0	0	0	0	0	0
ASV669	0	0	0	0	0	0	0	0	0	0	0	0	2504	0	0	0	0
ASV670	0	0	0	0	0	0	115	0	223	0	0	0	0	0	1938	0	29
ASV671	0	0	85	196	1261	19	0	0	0	0	0	0	0	0	0	0	0
ASV672	0	0	0	0	0	0	0	0	52	119	0	0	2263	0	0	0	0
ASV673	0	5	0	0	0	0	39	22	0	29	0	0	0	1855	0	0	0
ASV674	211	130	62	84	51	58	115	400	175	206	169	0	0	0	0	0	0
ASV675	0	0	0	0	0	0	67	156	206	416	440	28	0	0	190	0	314
ASV676	0	0	0	0	0	0	0	0	0	0	0	0	0	0	0	0	1379
ASV677	142	92	31	45	42	11	59	39	0	202	60	496	0	0	0	0	420
ASV678	267	215	182	178	275	104	156	0	0	82	0	0	0	0	0	0	0
ASV679	0	0	0	0	0	0	77	0	101	97	0	0	0	1659	0	0	0
ASV680	0	0	0	0	0	0	118	261	269	378	404	461	0	0	0	0	0
ASV681	0	0	0	0	0	0	0	0	0	0	256	726	0	0	0	0	688
ASV682	231	160	109	154	157	75	329	0	0	0	15	0	0	0	0	0	186
ASV683	306	160	115	370	422	92	0	0	0	0	0	0	0	0	0	0	0
ASV684	45	90	17	0	10	21	1197	0	0	0	0	0	0	0	0	0	0
ASV685	1531	0	0	0	0	0	0	0	0	0	0	0	0	0	0	0	0
ASV686	92	89	314	268	681	0	0	0	0	0	0	0	0	0	0	0	0
ASV687	162	176	201	183	521	152	30	0	0	0	0	0	0	0	0	0	0
ASV688	0	0	0	0	0	0	0	0	0	0	0	0	0	0	0	232	0
ASV689	107	100	0	63	158	0	0	0	0	0	0	1406	0	0	0	0	0
ASV690	86	155	118	249	269	52	0	41	17	245	46	30	0	0	0	0	190
ASV691	12	0	21	0	0	34	33	157	219	31	278	122	0	58	266	0	476
ASV692	0	0	0	0	0	0	23	562	528	38	0	752	0	0	0	0	0
ASV693	0	0	0	41	0	0	114	533	818	232	124	0	0	0	0	0	0
ASV694	13	73	357	484	477	0	0	0	0	0	0	0	0	0	0	0	0
ASV695	0	0	0	0	0	0	0	0	0	0	0	0	0	0	772	0	889
ASV696	0	0	0	0	0	0	0	0	0	0	0	0	0	0	0	229	0
ASV697	117	193	136	350	575	58	0	0	0	0	0	0	0	0	0	0	0
ASV698	0	0	0	0	0	0	0	0	0	0	0	0	0	0	0	228	0
ASV699	0	0	0	0	0	0	0	0	88	0	0	0	0	0	0	0	1271
ASV700	423	380	113	75	0	344	0	0	0	0	17	0	0	0	0	0	0
ASV701	0	0	0	0	0	0	0	0	0	0	0	0	0	0	0	227	0
ASV702	0	0	0	0	0	0	67	82	94	126	0	0	0	0	1179	0	358
ASV703	0	0	0	0	0	0	7	0	46	0	0	0	0	0	0	220	0
ASV704	0	0	0	0	0	0	0	0	0	0	0	0	0	0	0	226	0
ASV705	35	0	0	0	0	0	0	0	0	42	0	308	951	0	559	0	188
ASV706	0	0	0	0	0	0	76	88	384	186	68	186	0	0	1076	0	0
ASV707	47	0	38	62	35	0	31	0	99	0	105	597	0	0	856	0	72
ASV708	162	106	56	142	69	0	192	315	99	160	164	0	0	0	0	0	66
ASV709	259	212	109	258	269	151	83	42	0	0	0	0	0	0	0	0	0
ASV710	0	0	0	10	0	0	100	75	186	696	157	366	0	0	0	0	156
ASV711	351	341	281	150	174	53	0	0	0	0	0	0	0	0	0	0	0
ASV712	0	0	0	0	0	0	0	0	0	0	0	0	0	0	0	0	1300
ASV713	0	0	0	0	0	0	54	35	10	84	0	0	0	0	0	142	323
ASV714	0	0	0	0	0	0	13	0	0	0	0	0	0	1827	0	0	0
ASV715	0	7	0	27	0	0	167	465	205	443	194	0	0	0	0	0	136
ASV716	204	220	176	302	227	212	0	0	0	0	0	0	0	0	0	0	0
ASV717	451	644	130	23	0	79	0	0	0	0	0	0	0	0	0	0	0
ASV718	361	115	159	203	193	303	0	0	0	0	0	0	0	0	0	0	0
ASV719	310	282	250	61	145	257	0	0	0	0	0	0	0	0	0	0	0
ASV720	0	0	0	0	0	0	0	0	0	0	0	100	0	1529	0	24	0
ASV721	923	37	0	38	0	0	0	61	111	171	39	180	0	0	0	0	0
ASV722	0	0	0	0	0	0	0	135	175	668	795	0	0	0	0	0	0
ASV723	412	225	198	148	219	96	43	0	0	0	0	0	0	0	0	0	0
ASV724	0	1	290	578	118	304	0	0	0	0	0	0	0	0	0	0	0
ASV725	29	0	0	0	0	0	166	215	385	182	508	251	0	0	0	0	0
ASV726	0	0	0	0	0	0	0	0	0	54	53	0	0	1697	0	0	0
ASV727	0	0	0	0	0	0	0	0	0	0	0	0	0	0	0	217	0
ASV728	110	176	295	372	282	72	0	0	0	0	0	0	0	0	0	0	0
ASV729	0	16	6	0	0	0	0	70	122	215	136	0	0	0	1396	0	45
ASV730	345	819	62	0	17	48	0	0	0	0	0	0	0	0	0	0	0
ASV731	0	0	0	0	0	0	0	0	1188	0	0	0	0	530	277	0	0
ASV732	217	172	74	181	551	154	0	0	0	0	0	0	0	0	0	0	0
ASV733	0	0	0	0	0	1185	0	0	0	0	0	0	0	0	0	0	0
ASV734	347	376	145	78	0	318	0	0	0	0	0	0	0	0	0	0	0
ASV735	0	0	0	0	0	0	1265	0	0	0	0	0	0	0	0	0	0
ASV736	132	90	109	28	39	642	76	0	0	146	0	0	0	0	0	0	0
ASV737	0	0	0	0	0	0	0	139	93	587	152	0	0	0	0	92	0
ASV738	0	0	0	0	0	0	0	0	0	1635	81	0	0	0	0	0	0
ASV739	265	350	132	88	162	272	0	0	0	0	0	0	0	0	0	0	0
ASV740	29	51	49	70	40	0	12	24	38	0	0	0	0	1354	0	0	0
ASV741	0	0	0	0	0	0	0	0	0	0	0	0	413	0	686	0	599
ASV742	0	0	0	0	0	0	0	0	0	0	0	0	0	1740	0	0	0
ASV743	299	216	212	193	341	34	0	0	0	0	0	0	0	0	0	0	0
ASV744	0	0	0	0	9	0	28	209	278	95	128	0	0	0	1035	0	85
ASV745	396	298	96	214	197	85	0	0	0	0	0	0	0	0	0	0	0
ASV746	0	0	0	0	0	0	0	0	0	0	0	0	0	0	0	208	0
ASV747	353	130	132	168	320	75	74	0	0	49	0	0	0	0	0	0	0
ASV748	92	65	25	55	31	8	154	0	139	202	300	509	0	0	0	0	0
ASV749	0	0	67	184	1103	0	0	0	0	0	0	0	0	0	0	0	0
ASV750	116	225	136	101	262	127	156	0	182	0	0	0	0	0	0	0	0
ASV751	0	0	0	0	0	0	182	301	218	255	623	0	0	0	0	0	0
ASV752	190	166	103	433	261	114	0	0	0	0	0	0	0	0	0	0	0
ASV753	0	0	0	0	0	0	175	201	100	0	85	233	0	0	0	0	569
ASV754	0	0	0	0	0	0	0	0	0	0	0	0	0	1687	0	0	0
ASV755	234	358	154	155	0	224	26	53	0	0	0	0	0	0	0	0	0
ASV756	114	44	66	172	858	55	0	0	0	0	0	0	0	0	0	0	0
ASV757	227	336	208	128	114	188	0	0	0	0	0	0	0	0	0	0	0
ASV758	108	77	339	281	353	61	0	0	0	0	0	0	0	0	0	0	0
ASV759	293	207	101	250	197	88	30	0	0	92	0	0	0	0	0	0	0
ASV760	0	0	0	0	24	0	144	61	477	499	119	314	0	0	0	0	0
ASV761	0	1166	0	0	0	0	0	0	0	0	0	0	0	0	0	0	0
ASV762	354	246	102	190	164	164	0	0	0	0	0	0	0	0	0	0	0
ASV763	248	208	122	183	213	201	7	0	0	0	38	0	0	0	0	0	0
ASV764	0	0	0	0	0	0	160	172	231	81	419	523	0	0	0	0	0
ASV765	226	184	162	0	0	491	0	85	0	0	0	0	0	0	0	0	0
ASV766	0	0	0	0	17	0	78	0	445	362	70	695	0	0	0	0	0
ASV767	145	64	43	35	29	58	114	0	0	97	46	838	0	0	0	0	0
ASV768	373	324	111	31	116	183	45	0	0	0	0	0	0	0	0	0	0
ASV769	411	354	151	205	0	67	0	0	0	0	0	0	0	0	0	0	0
ASV770	125	225	144	350	280	59	12	0	11	0	0	0	0	0	0	0	0
ASV771	0	0	0	0	0	0	0	44	0	72	171	0	0	0	585	0	590
ASV772	436	176	71	135	69	296	0	0	0	0	0	0	0	0	0	0	0
ASV773	0	0	0	0	0	0	0	56	0	0	0	0	0	0	0	0	1091
ASV774	0	0	0	0	0	0	0	0	0	0	0	0	0	1589	31	0	0
ASV775	0	46	184	208	793	0	0	0	0	0	0	0	0	0	0	0	0
ASV776	124	125	64	182	80	529	0	0	0	0	36	0	0	0	0	0	0
ASV777	0	0	0	0	0	0	0	123	116	370	946	0	0	0	0	0	0
ASV778	0	0	0	0	0	0	0	0	0	0	0	0	0	0	0	193	0
ASV779	0	0	0	0	0	0	161	98	83	433	120	0	0	0	752	0	0
ASV780	0	0	0	0	0	0	0	0	0	0	0	0	0	1596	0	0	0
ASV781	0	0	0	0	0	0	0	1380	0	0	0	0	0	0	0	0	0
ASV782	0	0	0	0	0	0	0	0	0	0	0	0	0	1588	0	0	0
ASV783	0	0	833	0	0	197	0	0	0	0	0	0	0	0	0	0	0
ASV784	0	23	9	0	0	25	0	0	362	113	0	1109	0	0	0	0	0
ASV785	147	124	126	68	0	622	0	0	0	0	0	0	0	0	0	0	0
ASV786	229	163	110	174	229	169	87	0	0	0	0	0	0	0	0	0	0
ASV787	39	444	212	238	170	30	0	0	0	0	0	0	0	0	0	0	0
ASV788	0	72	0	0	0	0	165	0	599	244	455	0	0	0	0	0	0
ASV789	0	0	0	0	0	0	0	0	0	0	0	0	1970	0	0	0	0
ASV790	0	0	0	0	0	0	181	111	176	273	324	0	0	0	0	0	296
ASV791	321	201	161	182	152	0	33	137	0	0	0	0	0	0	0	0	0
ASV792	208	139	129	249	305	129	0	0	0	0	0	0	0	0	0	0	0
ASV793	36	28	17	24	27	19	153	281	218	496	104	0	0	0	0	0	0
ASV794	1226	0	0	0	0	0	0	0	0	0	0	0	0	0	0	0	0
ASV795	0	0	0	0	0	0	0	158	80	0	14	0	0	0	362	43	441
ASV796	15	16	11	15	0	0	198	161	146	238	420	200	0	0	0	0	0
ASV797	0	0	0	0	0	0	227	183	241	202	83	524	0	0	0	0	0
ASV798	0	0	0	0	0	0	0	0	0	0	0	0	0	0	0	185	0
ASV799	77	63	31	43	34	0	41	25	70	143	105	821	0	0	0	0	0
ASV800	318	141	109	220	153	133	58	0	0	0	0	0	0	0	0	0	0
ASV801	0	0	0	0	0	0	14	0	45	131	29	243	0	0	43	0	727
ASV802	447	143	132	87	110	142	0	0	0	0	85	0	0	0	0	0	0
ASV803	227	314	207	0	16	236	64	0	0	0	0	0	0	0	0	0	0
ASV804	218	243	115	190	220	130	0	0	0	0	0	0	0	0	0	0	0
ASV805	0	0	0	0	0	0	91	206	216	41	532	375	0	0	0	0	0
ASV806	0	0	0	0	0	0	0	0	0	0	0	0	0	0	1003	61	127
ASV807	0	0	0	0	0	0	134	163	96	0	8	267	0	0	0	94	0
ASV808	0	0	0	0	0	0	30	109	191	48	191	0	0	0	0	101	60
ASV809	0	0	0	0	0	0	15	30	72	169	59	0	0	0	0	0	807
ASV810	0	0	0	0	0	0	0	0	0	0	0	471	0	0	290	77	119
ASV811	0	10	0	17	0	0	68	474	214	231	54	0	0	0	0	0	239
ASV812	0	0	0	0	0	0	30	0	49	32	0	0	0	0	0	155	68
ASV813	320	315	159	97	120	81	0	0	0	0	0	0	0	0	0	0	0
ASV814	152	92	48	0	12	53	0	0	0	0	0	0	0	0	0	0	689
ASV815	0	0	0	0	0	0	172	0	96	97	0	1077	0	0	0	0	0
ASV816	0	0	0	0	0	0	73	266	586	0	43	520	0	0	0	0	0
ASV817	249	338	112	103	77	177	0	0	0	0	0	0	0	0	0	0	0
ASV818	187	125	83	193	93	365	0	0	0	0	0	0	0	0	0	0	0
ASV819	214	210	136	151	257	106	0	0	0	0	0	0	0	0	0	0	0
ASV820	0	0	8	35	20	0	109	573	247	132	198	0	0	0	0	0	0
ASV821	100	81	179	245	438	47	0	0	0	0	0	0	0	0	0	0	0
ASV822	153	108	290	155	285	67	0	0	0	0	0	0	0	0	0	0	0
ASV823	273	195	92	183	141	102	30	57	14	0	0	0	0	0	0	0	0
ASV824	167	156	29	163	0	0	0	64	177	305	44	181	0	0	0	0	0
ASV825	94	92	122	277	248	209	19	0	0	0	0	0	0	0	0	0	0
ASV826	113	161	42	24	0	26	64	0	0	0	0	0	0	0	0	0	595
ASV827	0	0	0	0	0	0	38	126	0	0	0	0	884	262	337	0	0
ASV828	0	67	20	30	49	0	43	0	0	0	42	0	0	0	0	49	495
ASV829	128	140	166	213	350	71	0	0	0	0	0	0	0	0	0	0	0
ASV830	323	264	0	56	0	327	16	52	0	0	0	0	0	0	0	0	0
ASV831	293	278	117	73	12	215	31	0	0	0	0	0	0	0	0	0	0
ASV832	0	0	0	0	0	0	90	0	0	0	0	0	0	0	0	0	909
ASV833	219	173	65	46	0	489	0	0	0	0	0	0	0	0	0	0	0
ASV834	0	0	0	0	0	0	0	0	0	0	134	491	0	0	0	0	565
ASV835	261	187	103	39	19	367	26	0	0	0	0	0	0	0	0	0	0
ASV836	0	0	0	0	0	0	0	0	42	0	0	305	0	0	0	108	134
ASV837	0	0	0	0	0	0	0	750	0	0	527	0	0	0	0	0	0
ASV838	0	0	0	0	0	0	217	77	66	216	14	750	0	0	0	0	0
ASV839	90	87	238	84	456	40	0	0	0	0	67	0	0	0	0	0	0
ASV840	65	138	118	157	186	339	0	0	0	0	0	0	0	0	0	0	0
ASV841	0	0	0	0	0	0	124	139	78	60	147	319	0	0	444	0	83
ASV842	0	0	0	59	35	72	207	305	239	160	156	0	0	0	0	0	0
ASV843	290	258	136	74	55	174	24	0	0	0	0	0	0	0	0	0	0
ASV844	31	64	33	0	62	760	0	0	0	0	0	0	0	0	0	0	0
ASV845	0	0	0	0	0	0	0	0	0	0	0	0	0	0	102	38	704
ASV846	50	167	139	305	224	86	54	0	0	0	0	0	0	0	0	0	0
ASV847	0	0	0	0	0	0	0	0	0	0	0	0	0	0	0	0	980
ASV848	234	0	61	399	386	0	0	0	0	0	0	0	0	0	0	0	0
ASV849	0	0	0	0	0	0	0	0	0	0	0	0	0	0	1688	0	0
ASV850	0	0	0	0	0	0	0	0	0	0	0	0	0	0	0	167	0
ASV851	180	162	103	153	315	84	34	0	0	0	0	0	0	0	0	0	0
ASV852	48	0	11	28	1012	8	0	0	0	0	0	0	0	0	0	0	0
ASV853	117	54	21	13	0	733	0	0	0	0	0	0	0	0	0	0	0
ASV854	0	0	0	0	0	0	210	246	595	157	87	0	0	0	0	0	19
ASV855	35	142	131	195	456	65	0	0	0	0	0	0	0	0	0	0	0
ASV856	0	0	0	0	0	0	0	0	0	0	0	0	0	1366	0	0	0
ASV857	0	0	0	0	0	0	123	18	53	211	90	842	0	0	0	0	0
ASV858	51	0	31	31	19	0	69	109	127	179	110	0	0	0	0	0	390
ASV859	0	0	0	0	0	0	0	0	0	0	0	0	0	1361	0	0	0
ASV860	71	163	52	70	46	518	22	0	0	0	0	0	0	0	0	0	0
ASV861	0	0	0	0	0	0	0	0	0	0	0	0	0	0	1661	0	0
ASV862	171	65	39	0	0	659	0	0	0	0	0	0	0	0	0	0	0
ASV863	0	104	198	232	451	0	0	0	46	0	0	0	0	0	0	0	0
ASV864	0	0	0	0	0	0	0	0	420	423	537	0	0	0	0	0	0
ASV865	0	0	0	0	0	0	0	0	0	0	0	0	0	0	1651	0	0
ASV866	0	0	0	0	0	0	0	314	0	207	21	394	0	0	0	0	262
ASV867	81	51	34	44	18	0	67	0	251	283	59	0	0	0	0	0	264
ASV868	275	201	102	105	40	81	174	0	0	0	0	0	0	0	0	0	0
ASV869	111	39	27	45	33	0	72	93	215	237	160	0	0	0	0	0	142
ASV870	276	132	129	31	116	280	0	0	0	0	0	0	0	0	0	0	0
ASV871	156	81	40	71	41	547	0	0	0	0	0	0	0	0	0	0	0
ASV872	0	7	0	0	0	0	0	0	0	0	0	0	0	0	122	105	254
ASV873	0	0	0	0	0	0	0	0	0	0	0	0	0	0	576	72	189
ASV874	0	0	0	0	0	0	63	0	0	0	0	0	0	0	145	86	291
ASV875	284	140	163	70	41	216	38	0	0	0	0	0	0	0	0	0	0
ASV876	142	44	0	0	0	723	0	0	0	0	0	0	0	0	0	0	0
ASV877	0	0	0	0	0	0	0	64	297	499	461	0	0	0	0	0	0
ASV878	0	0	0	0	0	0	0	377	1019	0	0	0	0	0	0	0	0
ASV879	204	101	73	29	0	508	0	0	0	0	0	0	0	0	0	0	0
ASV880	0	0	0	0	0	0	0	0	0	0	0	0	0	0	0	159	0
ASV881	0	0	0	0	0	0	0	0	0	0	0	0	0	0	0	159	0
ASV882	0	67	15	77	0	727	0	0	0	0	0	0	0	0	0	0	0
ASV883	226	150	96	180	173	90	56	0	0	0	0	0	0	0	0	0	0
ASV884	198	197	29	22	22	93	384	0	0	0	0	0	0	0	0	0	0
ASV885	0	0	0	0	0	0	62	149	0	0	18	0	0	0	0	0	722
ASV886	166	77	122	249	327	23	20	0	0	0	0	0	0	0	0	0	0
ASV887	42	95	69	223	516	48	0	0	0	0	0	0	0	0	0	0	0
ASV888	0	92	55	0	34	594	0	52	0	83	0	0	0	0	0	0	0
ASV889	76	72	58	292	423	67	0	0	0	0	0	0	0	0	0	0	0
ASV890	0	0	0	0	0	0	87	118	269	0	26	235	0	0	0	0	384
ASV891	201	117	97	84	430	52	0	0	0	0	0	0	0	0	0	0	0
ASV892	0	0	0	0	0	0	24	28	57	19	16	0	0	0	0	113	143
ASV893	81	118	310	166	235	0	0	0	0	0	27	0	0	0	0	0	0
ASV894	354	203	59	66	0	247	0	0	0	0	0	0	0	0	0	0	0
ASV895	0	0	0	0	0	0	72	204	59	772	0	105	0	0	0	0	0
ASV896	0	0	0	0	0	0	33	0	263	446	530	0	0	0	0	0	0
ASV897	0	0	0	0	0	0	0	0	0	173	1061	0	0	0	0	0	0
ASV898	272	158	83	41	31	167	34	0	74	120	0	0	0	0	0	0	0
ASV899	0	0	0	0	0	0	60	91	261	281	158	419	0	0	0	0	0
ASV900	42	114	189	262	292	40	0	0	0	0	0	0	0	0	0	0	0
ASV901	0	0	0	0	0	0	0	0	0	0	0	0	0	0	0	110	253
ASV902	42	62	113	299	375	65	0	0	0	0	0	0	0	0	0	0	0
ASV903	202	304	125	60	139	52	43	0	0	0	0	0	0	0	0	0	0
ASV904	0	0	0	13	0	0	21	236	43	60	0	444	0	0	0	0	294
ASV905	275	140	52	93	123	241	0	0	0	0	0	0	0	0	0	0	0
ASV906	187	302	122	89	0	54	42	0	82	18	58	0	0	0	0	0	0
ASV907	133	178	118	107	131	88	127	0	0	0	40	0	0	0	0	0	0
ASV908	0	48	194	234	440	24	0	0	0	0	0	0	0	0	0	0	0
ASV909	0	0	0	0	0	0	269	95	172	68	25	540	0	0	0	0	0
ASV910	55	111	56	51	124	9	82	16	104	158	85	187	0	0	0	0	36
ASV911	111	176	100	209	299	27	15	0	0	0	0	0	0	0	0	0	0
ASV912	0	0	0	0	0	0	0	0	0	0	0	0	0	0	700	44	220
ASV913	0	0	0	0	0	0	0	59	0	0	0	935	0	0	0	0	194
ASV914	0	152	0	0	832	0	0	0	0	0	0	0	0	0	0	0	0
ASV915	0	0	0	0	0	0	0	306	0	0	280	0	0	0	0	63	56
ASV916	62	164	161	212	219	73	0	0	0	25	0	0	0	0	0	0	0
ASV917	4	12	0	28	0	0	7	376	146	260	46	0	0	0	0	0	211
ASV918	0	0	0	0	0	0	72	198	460	114	76	331	0	0	0	0	0
ASV919	136	80	55	22	27	20	75	58	361	208	80	0	0	0	0	0	0
ASV920	0	0	0	0	7	0	101	173	143	265	85	144	0	0	0	0	189
ASV921	141	164	186	146	151	108	0	0	0	0	0	0	0	0	0	0	0
ASV922	0	0	0	0	0	0	86	13	65	357	94	71	0	0	110	0	297
ASV923	136	77	217	213	108	136	0	0	0	0	0	0	0	0	0	0	0
ASV924	279	157	93	95	152	134	0	0	0	0	0	0	0	0	0	0	0
ASV925	289	200	113	56	9	120	103	0	0	0	0	0	0	0	0	0	0
ASV926	221	217	98	152	101	85	0	35	0	0	0	0	0	0	0	0	0
ASV927	40	22	63	74	105	548	0	0	0	0	0	0	0	0	0	0	0
ASV928	64	141	0	299	392	45	0	0	0	0	0	0	0	0	0	0	0
ASV929	4	8	20	0	10	763	0	7	0	0	0	0	0	0	0	0	0
ASV930	0	70	39	532	273	13	0	0	0	0	0	0	0	0	0	0	0
ASV931	0	19	95	99	84	25	24	148	175	299	102	0	0	0	0	0	0
ASV932	0	0	0	0	0	0	0	0	0	0	0	0	0	1214	0	0	0
ASV933	38	87	74	0	0	0	80	66	225	0	34	106	0	0	494	0	0
ASV934	197	176	49	101	41	300	0	0	0	0	0	0	0	0	0	0	0
ASV935	0	0	0	0	0	0	0	0	0	0	0	0	0	0	0	146	0
ASV936	46	51	62	0	0	631	23	0	0	0	0	0	0	0	0	0	0
ASV937	136	187	108	160	183	68	46	0	0	0	0	0	0	0	0	0	0
ASV938	196	128	0	53	0	470	0	0	0	0	0	0	0	0	0	0	0
ASV939	156	150	124	100	157	61	70	0	0	83	0	0	0	0	0	0	0
ASV940	0	0	0	0	0	0	0	360	307	128	214	0	0	0	0	0	117
ASV941	0	0	0	35	0	0	0	10	0	0	0	0	0	0	1391	0	0
ASV942	60	67	51	49	9	6	88	0	123	119	75	447	0	0	0	0	0
ASV943	0	0	0	13	9	0	0	53	232	629	251	0	0	0	0	0	0
ASV944	0	0	0	0	0	0	25	8	0	6	15	0	0	0	0	0	794
ASV945	0	0	0	0	0	0	83	45	73	19	401	0	0	0	640	0	0
ASV946	0	146	375	153	158	0	0	0	0	0	0	0	0	0	0	0	0
ASV947	0	0	279	160	437	0	0	0	0	0	0	0	0	0	0	0	0
ASV948	0	0	0	0	0	0	0	0	12	137	324	0	0	0	512	0	190
ASV949	0	0	0	0	0	0	0	0	0	0	0	0	1473	0	0	0	0
ASV950	0	0	22	0	0	0	239	283	223	265	10	0	0	0	0	0	0
ASV951	337	161	0	0	33	317	0	0	0	0	0	0	0	0	0	0	0
ASV952	150	195	126	112	95	107	60	0	0	0	0	0	0	0	0	0	0
ASV953	0	0	0	0	0	0	0	0	40	0	12	0	0	117	413	65	90
ASV954	499	120	0	56	0	196	0	0	0	0	0	0	0	0	0	0	0
ASV955	266	173	107	95	92	81	42	0	0	0	0	0	0	0	0	0	0
ASV956	0	0	0	0	0	0	18	0	0	0	0	0	0	0	0	95	248
ASV957	35	65	106	277	367	29	0	0	0	0	0	0	0	0	0	0	0
ASV958	332	154	93	84	140	0	69	0	0	0	0	0	0	0	0	0	0
ASV959	133	193	101	116	165	80	60	0	0	0	0	0	0	0	0	0	0
ASV960	0	0	0	0	0	0	0	0	0	0	0	0	0	0	0	140	0
ASV961	0	0	0	0	0	0	0	0	0	0	0	0	0	0	0	140	0
ASV962	92	0	65	0	0	600	0	33	0	0	0	0	0	0	0	0	0
ASV963	86	23	73	0	12	590	0	0	0	0	0	0	0	0	0	0	0
ASV964	0	0	0	0	0	0	70	119	225	0	0	584	0	0	0	0	111
ASV965	0	0	0	0	0	0	0	0	0	0	0	0	0	1143	9	0	0
ASV966	0	0	0	0	0	0	0	0	0	0	0	0	0	1143	0	0	0
ASV967	0	0	0	0	0	0	67	0	275	59	45	47	0	0	803	0	0
ASV968	0	0	0	0	0	0	109	82	212	144	64	0	0	0	0	0	347
ASV969	29	143	124	147	131	231	0	0	0	0	0	0	0	0	0	0	0
ASV970	0	0	0	0	0	0	6	0	130	0	15	0	0	0	0	0	701
ASV971	0	101	28	53	45	546	0	0	0	0	0	0	0	0	0	0	0
ASV972	0	0	49	0	70	0	0	0	103	0	0	908	0	0	0	0	0
ASV973	0	0	0	0	0	0	0	0	0	0	0	0	0	0	0	136	0
ASV974	0	0	0	0	0	0	138	133	81	372	212	80	0	0	0	0	18
ASV975	176	64	56	40	44	408	0	0	0	0	0	0	0	0	0	0	0
ASV976	0	0	0	0	0	0	0	0	27	0	0	0	0	795	162	0	118
ASV977	0	0	0	0	0	0	0	0	0	0	0	0	0	769	0	42	0
ASV978	22	57	27	307	405	39	0	0	0	0	0	0	0	0	0	0	0
ASV979	26	508	105	14	0	118	0	0	0	0	0	0	0	0	0	0	0
ASV980	21	55	342	119	259	0	0	0	0	0	0	0	0	0	0	0	0
ASV981	0	0	0	0	0	0	0	0	0	0	0	0	0	1111	0	0	0
ASV982	104	120	85	146	331	49	0	0	0	0	0	0	0	0	0	0	0
ASV983	274	189	105	63	39	127	0	0	0	0	7	0	0	0	0	0	0
ASV984	82	45	208	220	228	0	32	0	0	0	0	0	0	0	0	0	0
ASV985	112	122	115	85	218	84	73	0	0	0	0	0	0	0	0	0	0
ASV986	0	0	0	0	0	0	0	0	0	0	12	0	0	0	0	126	32
ASV987	187	128	59	58	175	76	52	0	0	107	0	0	0	0	0	0	0
ASV988	72	12	427	0	114	125	0	0	0	0	0	0	0	0	0	0	0
ASV989	90	99	102	243	234	51	0	0	0	0	0	0	0	0	0	0	0
ASV990	0	0	0	0	0	0	154	171	224	97	22	377	0	0	0	0	0
ASV991	0	0	0	0	0	0	0	41	0	0	0	0	0	0	1230	0	27
ASV992	35	0	75	0	0	617	0	0	0	0	0	0	0	0	0	0	0
ASV993	90	139	228	49	64	186	0	0	0	0	0	0	0	0	0	0	0
ASV994	327	134	25	83	0	224	0	0	0	0	0	0	0	0	0	0	0
ASV995	189	93	86	198	231	25	0	0	0	0	0	0	0	0	0	0	0
ASV996	58	70	172	158	278	60	0	0	0	0	0	0	0	0	0	0	0
ASV997	134	306	125	108	0	94	0	0	0	0	0	0	0	0	0	0	0
ASV998	0	0	0	0	0	0	0	0	0	0	0	453	0	0	237	54	0
ASV999	0	0	0	0	0	0	92	138	164	246	317	60	0	0	0	0	0
